Tweets;textcl;Subjectividad;Polaridad;Analisis
"RT @futurofm: Con Mañalich ""hubo aciertos: convertir camas críticas e incrementar capacidad de laboratorios para tests. Errores: capacidad…";"mañalich ""hubo acieos: conveir camas críticas incrementar capacidad laboratorios tests. errores: capacidad…";0;0;Neutral
"RT @sonarfm: #SonarInformativo| José Miguel Bernucci 
@Pajarobere: ""En lo inmediato, necesitamos reducir la movilidad en Santiago. Necesita…";"josé miguel bernui ""en inmediato, necesitamos reducir movilidad santiago. necesita…";0;0;Neutral
RT @uchile: ¡Esta pandemia la enfrentamos entre todos y todas! y por eso es que la U. de Chile junto al @colmedchile continuamos invitando…;¡esta enfrentamos todas! u. chile junto continuamos invitando…;0;0;Neutral
RT @latercera: Cadem: Aprobación a Piñera cae e Izkia Siches arremete entre los personajes públicos mejor evaluados https://t.co/gUQuuSQdIr…;cadem: aprobación piñera cae izkia siches arremete personajes públicos mejor evaluados;0;0;Neutral
RT @edotobarazul: Desde temprano pasando visita en nuestro HCUCH @redclinica. Equipos comprometid@s plus. Como botón, Pancho Rodríguez ciru…;temprano pasando visita hcuch equipos comprometid plus. botón, pancho rodríguez ciru…;0;0;Neutral
RT @colmedchile: [#ResumenSemanal] Colegio Médico, alcaldes, academia, gremios y pacientes proponen estrategias para trabajo de APS en pand…;[ colegio médico, alcaldes, academia, gremios pacientes proponen estrategias trabajo aps pand…;1;-0.75;Negativo
RT @Pa__tty: Nos vemos el miércoles con la queen Dra. @izkia invitadas por la queen doctora, pero en derecho??, @PaulinaAstrozaS;vemos miércoles queen dra. invitadas queen doctora, derecho??,;0;0;Neutral
RT @juancarlossaid: Ministro @DrEnriqueParis deberá navegar una catástrofe ya instalada. Buena señal hoy sumar a doctores Regueira y Araoz.…;ministro deberá navegar catástrofe instalada. buena señal hoy sumar doctores regueira araoz.…;0;0;Neutral
"RT @ColMedValpo: #INFORMACIÓN | @ColMedValpo comunica con pesar el sensible fallecimiento del Dr. #ErnestoVergaraLamas

Como Colegio enviam…";| comunica pesar sensible fallecimiento dr. colegio enviam…;0;0;Neutral
"RT @ColMedValpo: #INFORMACIÓN | @ColMedValpo comunica con pesar el sensible fallecimiento del Dr. #GuillermoMerinoHinriksen.

Como organism…";| comunica pesar sensible fallecimiento dr. organism…;0;0;Neutral
RT @CNNChile: [Minuto a minuto] Doctora Izkia Siches califica como “gran avance” el Acuerdo COVID para enfrentar la crisis económica que tr…;[minuto minuto] doctora izkia siches califica “gran avance” acuerdo enfrentar crisis económica tr…;1;-0.75;Negativo
Gran avance el #AcuerdoCovid en apoyo a las familias, tan necesario en estos difíciles momentos ???? Los detalles del nuevo plan económico de emergencia para enfrentar la pandemia https://t.co/CWzPOBJf0P vía @emol;gran avance apoyo familias, tan necesario difíciles momentos ???? detalles nuevo plan económico emergencia enfrentar vía;0;0;Neutral
RT @ministeriosalud: Tal como fue anunciado por el subsecretario de Redes Asistenciales @arturozunigaj, se instruyó un sumario administrati…;tal anunciado subsecretario redes asistenciales instruyó sumario administrati…;0;0;Neutral
"RT @ministeriosalud: Ministro @DrEnriqueParis:

""Esperamos, que todos unidos y con mucha fuerza, salir adelante, junto a todos los funciona…";"ministro ""esperamos, unidos mucha fuerza, salir adelante, junto funciona…";0;0;Neutral
RT @sochimioficial: Nuestro Presidente @sochimioficial Dr. Tomás Regueira, en reunión @ministeriosalud, junto al Ministro de Salud @DrEnriq…;presidente dr. tomás regueira, reunión junto ministro salud;0;0;Neutral
RT @colmedchile: En el #DíaMundialDelDonanteDeSangre Desde #Colmed hacemos un llamado a donar vida. Los donantes de sangre se redujeron a u…;hacemos llamado donar vida. donantes sangre redujeron u…;0;0;Neutral
"RT @PaulinaAstrozaS: Próximo capítulo del programa “De la Región al Mundo” ?? por @TVU_television @peeudec 

?? Miércoles 17 junio
? a confir…";próximo capítulo programa “de región mundo” ?? ?? miércoles 17 junio ? confir…;0;0;Neutral
RT @sochimu: Como Sociedad Chilena de Medicina de Urgencia, felicitamos al Ministro de Salud @DrEnriqueParis por aceptar este reto de lider…;sociedad chilena medicina urgencia, felicitamos ministro salud aceptar reto lider…;0;0;Neutral
RT @SochinfOficial: Como @sochinf saludamos al nuevo ministro de salud @DrEnriqueParis y reiteramos nuestra total disposición a colaborar c…;saludamos nuevo ministro salud reiteramos total disposición colaborar c…;0.75;0;Neutral
"RT @ximenaguilera: Nueva minuta consejo asesor, Vigilancia, registro y certificación de defunciones durante la pandemia de COVID-19.
https:…";nueva minuta consejo asesor, vigilancia, registro ceificación defunciones -. https:…;0;0;Neutral
RT @CNNChile: ??AHORA – Bernucci: “Necesitamos que se cumplan las cuarentenas. Necesitamos aumentar la fiscalización y darle apoyo socioecon…;??ahora – bernui: “necesitamos cumplan cuarentenas. necesitamos aumentar fiscalización darle apoyo socioecon…;0;0;Neutral
RT @colmedchile: [#PRENSA] Nuestra Pdta. Dra. @Izkia Siches, se refirió en @TVN al nombramiento del nuevo Ministro de Salud, Dr. Enrique Pa…;[ pdta. dra. siches, refirió nombramiento nuevo ministro salud, dr. enrique pa…;1;-0.75;Negativo
RT @colmedchile: [#PRENSA] Nuestro secretario nacional Dr. José Miguel Bernucci (@pajarobere), conversó con @CHVnoticias, sobre el nombrami…;[ secretario nacional dr. josé miguel bernui ( conversó nombrami…;1;-0.75;Negativo
RT @colmedchile: Desde el #Colmed valoramos el nombramiento del Dr. Enrique Paris como Ministro de Salud y nos ponemos a disposición de la…;valoramos nombramiento dr. enrique paris ministro salud ponemos disposición la…;0;0;Neutral
Nuevo Min. de Salud Dr. Enrique Paris enfrenta el inmenso desafío de cambiar profundamente la estrategia sanitaria hacia una de colaboración, transparencia y con medidas concretas para cortar la cadena de transmisión. Para esta tarea cuenta con total disposición del @colmedchile;nuevo min. salud dr. enrique paris enfrenta inmenso desafío cambiar profundamente estrategia sanitaria hacia colaboración, transparencia medidas concretas coar cadena transmisión. tarea cuenta total disposición;0.75;0;Neutral
RT @colmedchile: En estos momentos se realiza por videoconferencia nueva sesión de #ConsejoNacional, instancia mensual en la que participan…;momentos realiza videoconferencia nueva sesión instancia mensual paicipan…;0;0;Neutral
RT @ComunidadMujer: Nos sumamos a esta camapaña para erradicar la violencia intrafamiliar. El silencio sólo aporta silencio, y no nos podem…;sumamos camapaña erradicar violencia intrafamiliar. silencio sólo apoa silencio, podem…;0;0;Neutral
RT @oartaza: Lo único que puede evitar un desastre mayor en esta pandemia es poner todo en manos de la atención primaria y de las iniciativ…;único puede evitar desastre mayor poner manos atención primaria iniciativ…;0;0;Neutral
"RT @EsPublicoCL: ??""En mi opinión, hoy día lo más urgente son dos cosas: definir un marco fiscal, definir que efectivamente hay más recursos…";"??""en opinión, hoy día urgente dos cosas: definir marco fiscal, definir efectivamente recursos…";0;0;Neutral
RT @colmedchile: En la #MesaSocialCovid de hoy, participa también la Dra. @IngridIngridk, Pdta. de nuestra agrupación  @medicosapschile. Es…;hoy, paicipa dra. pdta. agrupación es…;0;0;Neutral
RT @colmedchile: [#AHORA] La Dra @izkia Siches participa en la #MesaSocialCovid, donde la Dra @soledadbarria presenta la propuesta de la At…;[ dra siches paicipa dra presenta propuesta at…;1;-0.75;Negativo
RT @colmedchile: [#AHORA] Dra. @Francrispi, Pdta. de nuestro Dpto. de Género y Salud, participa en la Mesa de Género y #COVID del @Senado_C…;[ dra. pdta. dpto. género salud, paicipa mesa género;1;-0.75;Negativo
RT @_jtroncoso: Gracias por la invitación ! Fue un esfuerzo colaborativo de muchos actores: trabajadores, usuarios, alcaldes y academia. Un…;gracias invitación ! esfuerzo colaborativo actores: trabajadores, usuarios, alcaldes academia. un…;0;0;Neutral
RT @soledadbarria: Gracias por la tremenda oportunidad de trabajar en la propuesta. Se trata que nuestra gente pueda beneficiarse de un mej…;gracias tremenda opounidad trabajar propuesta. trata gente pueda beneficiarse mej…;0;0;Neutral
@NaNiTa_belen124 @DrZalaquett @juancarlossaid @ministeriosalud Si, mejor evitarlo porque la nebulización puede tener riesgo de producir aerosoles con covid. Mejor usar los puff con aerocamara.;si, mejor evitarlo nebulización puede tener riesgo producir aerosoles . mejor usar puff aerocamara.;0;0;Neutral
RT @ernestoibakatxe: Conversatorio del Depto Primeras Naciones del @colmedchile con persona #aymara Arica-Iquique #covid19 @izkia @PRIMERAS…;conversatorio depto primeras naciones persona arica-iquique;0;0;Neutral
Muchas gracias @soledadbarria y @_jtroncoso por liderar este trabajo junto a Alcaldes, Universidades, Gremios, Colegios Profesionales, Organizaciones de pacientes y usuarios. Gran propuesta, pase a leer ???????????? https://t.co/ujspRzlRTb;muchas gracias liderar trabajo junto alcaldes, universidades, gremios, colegios profesionales, organizaciones pacientes usuarios. gran propuesta, pase leer ????????????;0;0;Neutral
@Pa__tty @Nicolas_sv @ElectoralDeathM Yo voy por @Pa__tty todo el rato! La mejor ???????????? mi popularidad es pandemica... y ojalá termine pronto????;voy rato! mejor ???????????? popularidad pandemica... ojalá termine pronto????;0;0;Neutral
RT @colmedchile: Dra. Soledad Barría, Dpto. Atención Primaria y Salud Familiar @uchile: “Debemos reconocer a la APS como un actor estratégi…;dra. soledad barría, dpto. atención primaria salud familiar “debemos reconocer aps actor estratégi…;0.5;0.375;Positivo
RT @Muni_Indep: Alcalde @Duranbaronti, junto a divers@s ediles del país, @ConfusamChile, @colmedchile, mundo académico, agrupación de profe…;alcalde junto divers ediles país, mundo académico, agrupación profe…;0;0;Neutral
RT @colmedchile: Ennio Vivaldi rector de la @uchile:“Es una ocasión para reflexionar cómo estamos el impacto nos dice mucho acerca de nosot…;ennio vivaldi rector ocasión reflexionar cómo impacto dice acerca nosot…;0;0;Neutral
"RT @colmedchile: Claudio Castro (@cn_castro), alcalde de Renca, se refiere a la importancia del rol de la atención primaria: ""Es el momento…";"claudio castro ( alcalde renca, refiere impoancia rol atención primaria: ""es momento…";0;0;Neutral
RT @CamiloErazoL: Desde el @CENSChile esperamos contribuir para que desde la APS se enfrente la pandemia de #COVID19 con todas las herramie…;esperamos contribuir aps enfrente todas herramie…;0;0;Neutral
RT @colmedchile: La Dra. @Francrispi, Pdta. de nuestro Dpto. de Género y Salud, presentó ante el @Senado_Chile, la postura del #Colmed ante…;dra. pdta. dpto. género salud, presentó postura ante…;0;0;Neutral
Ahora! Parte la presentación junto a alcaldes, universidades, gremios, colegios profesionales y organizaciones de usuarios: Atención primaria de Salud como actor estratégico en el enfrentamiento de la pandemia ???????????? https://t.co/klnL8SomUG;ahora! pae presentación junto alcaldes, universidades, gremios, colegios profesionales organizaciones usuarios: atención primaria salud actor estratégico enfrentamiento ????????????;0;0;Neutral
RT @cofamyco: WEBINAR | Te esperamos #Hoy a las 18:30 hrs. para la presentación de la propuesta de Atención Primaria de Salud (#APS) como a…;webinar | esperamos 18:30 hrs. presentación propuesta atención primaria salud ( a…;0;0;Neutral
Les esperamos hoy en el lanzamiento de la propuesta de atención primaria de salud como actor estratégico en el enfrentamiento de la pandemia #covid19Chile. https://t.co/HF2vhNCJKy;esperamos hoy lanzamiento propuesta atención primaria salud actor estratégico enfrentamiento;0;0;Neutral
Agradecer a los/as 6 economistas coordinados por A. Repetto que colaboraron con este acuerdo para ir en apoyo de las familias. Ahora es necesaria una rápida ejecución. Seguimos disponibles para un acuerdo para el manejo sanitario de la pandemia. https://t.co/dglHssZxY4;agradecer los/as 6 economistas coordinados a. repetto colaboraron acuerdo ir apoyo familias. ahora necesaria rápida ejecución. seguimos disponibles acuerdo manejo sanitario .;0;0;Neutral
RT @adnradiochile: Estudio del Colegio Médico reveló que espera de resultados PCR es dos veces mayor en pacientes Fonasa https://t.co/1Gatu…;estudio colegio médico reveló espera resultados pcr dos veces mayor pacientes fonasa;0;0;Neutral
RT @imenoxa: A propósito del manejo de cifras de fallecidos. Dejo seminario de @colmedchile . Proxima semana seminario en @SCHAPCHILE más d…;propósito manejo cifras fallecidos. dejo seminario . proxima semana seminario d…;0;0;Neutral
RT @colmedchile: [#AHORA] Nuestra Pdta. Dra. @Izkia Siches, expone ante la Comisión de Salud de la @Camara_cl el proyecto de ley que habili…;[ pdta. dra. siches, expone comisión salud proyecto ley habili…;1;-0.75;Negativo
RT @colmedchile: [#AHORA] En @MuchoGustoMEGA, nuestro secretario nacional, Dr. José Miguel Bernucci (@pajarobere), se refiere a las últimas…;[ secretario nacional, dr. josé miguel bernui ( refiere últimas…;1;-0.75;Negativo
@camicalderong @SaludSsrv @cortanews @sitiodelsuceso @24HorasTVN @SeremiSaludRM @ministeriosalud @CNNChile @PublimetroChile @ispch Me puedes enviar los antecedentes para denunciar? izkiasiches@colegiomedico.cl;puedes enviar antecedentes denunciar? izkiasiches;0;0;Neutral
RT @dmacuna: A pesar de lo duro de la pandemia #Covid_19 aún hay espacio en los hospitales para atender otras patologías de URGENCIA, no te…;pesar duro aún espacio hospitales atender patologías urgencia, te…;0;0;Neutral
"RT @ComunidadMujer: #BuenJueves! RECOMENDAMOS la carta de nuestra directora de Estudios Paula Poblete en @elmostrador: ""No patrocinar el pr…";"recomendamos caa directora estudios paula poblete ""no patrocinar pr…";0;0;Neutral
RT @QuezadaGaete: Los presidentes regionales del @colmedchile, de norte a sur, solicitamos a @sebastianpinera dar atribuciones a Intendenci…;presidentes regionales noe sur, solicitamos dar atribuciones intendenci…;0;0;Neutral
100 días con coronavirus: Lo bueno, lo malo y lo pendiente según la Mesa Social Covid-19 https://t.co/6iaBo6Z7sm a través de @latercera;100 días coronavirus: bueno, malo pendiente según mesa social - través;0.066666667;0.033333333;Positivo
???????????? https://t.co/vbCtMIAavV;????????????;0;0;Neutral
???????????? https://t.co/Rbmy5Tp2Ca;????????????;0;0;Neutral
RT @Cooperativa: Ignacio de la Torre, presidente del Colegio Médico Regional Valparaíso: Las medidas de autoconfinamiento se vieron sabotea…;ignacio torre, presidente colegio médico regional valparaíso: medidas autoconfinamiento vieron sabotea…;0;0;Neutral
RT @colmedchile: Te esperamos mañana #11Junio a las 18:30 hrs. para la presentación de la propuesta de Atención Primaria de Salud (#APS) co…;esperamos mañana 18:30 hrs. presentación propuesta atención primaria salud ( co…;0;0;Neutral
"RT @cdentistaschile: Curso Atención odontológica en tiempos de #COVID__19, actualidad y desafíos

Colegiados: inscripciones preferentes, si…";curso atención odontológica tiempos actualidad desafíos colegiados: inscripciones preferentes, si…;0;0;Neutral
@kathy_mejiasm @Mega @ministeriosalud @MinSaludCol tiene síntomas?;síntomas?;0;0;Neutral
"RT @sochimioficial: Encuesta Diaria Realidad Nacional Intensivo - SOCHIMI.
Datos 09 de Junio ? https://t.co/DvhwACkjWd

Encuesta nacional s…";encuesta diaria realidad nacional intensivo - sochimi. datos 09 junio ? encuesta nacional s…;0;0;Neutral
RT @colmedchile: [#AHORA] #Colmed se reúne por videoconferencia con Sociedades Científicas para entregarles información sobre los alcances…;[ reúne videoconferencia sociedades científicas entregarles información alcances…;1;-0.75;Negativo
"RT @ComunidadMujer: ??¿Quiénes pueden trabajar desde casa? Estudio de @colmedchile y @uchile plantea que ""Para que las cuarentenas funcionen…";"??¿quiénes pueden trabajar casa? estudio plantea ""para cuarentenas funcionen…";0;0;Neutral
RT @medwma: Miguel Jorge, presidente de la AMM “No estamos testeando lo suficiente y nuestros números de casos y muertes son subestimadas”…;miguel jorge, presidente amm “no testeando suficiente números casos muees subestimadas”…;0;0;Neutral
RT @manupalominos: El Dr. Patricio Meza (Vicepdte del @colmedchile) dijo en ADN que el personal de salud siente que el balance diario es má…;dr. patricio meza (vicepdte dijo adn personal salud balance diario má…;0.3;0;Neutral
"RT @medfamiliar: ""Atención Primaria, ni invisible, ni ausente. Trabajando como siempre, más fuerte ahora""

#FortalecerAPS #APS #MF #Medicos…";"""atención primaria, invisible, ausente. trabajando siempre, fuee ahora""";0;0;Neutral
"RT @FacMedicinaUC: El doctor Glenn Hernández narra cómo es vivir en la UCI en medio de la pandemia por #Covid19 entre emociones y poemas.
L…";doctor glenn hernández narra cómo vivir uci medio emociones poemas. l…;0;0;Neutral
"RT @EsPublicoCL: ??¿Qué tan importante es lograr un ""acuerdo nacional""? Nuestra directora @jvwolfersdorff señaló en @Emol que ""poder llegar…";"??¿qué tan impoante lograr ""acuerdo nacional""? directora señaló ""poder llegar…";0;0;Neutral
???????????? https://t.co/sKXLaIMyrm;????????????;0;0;Neutral
RT @CNNChile: Acusan ausencia de la autoridad sanitaria: Colmed y Sociedades Científicas piden nueva Mesa de Salud COVID-19 https://t.co/PN…;acusan ausencia autoridad sanitaria: colmed sociedades científicas piden nueva mesa salud -;0;0;Neutral
"RT @EsPublicoCL: ?? ""Valparaíso está en una situación muy parecida a la que tenía Santiago el 1 de mayo, y si no hacemos nada, seguirá la m…";"?? ""valparaíso situación parecida santiago 1 mayo, si hacemos nada, seguirá m…";0;0;Neutral
"RT @sochipe: RESULTADOS CONCURSO DE DIBUJOS INFANTILES ""PINTANDO LA SALUD""
Cerca de 1.500 dibujos llegaron para postular a este inédito con…";"resultados concurso dibujos infantiles ""pintando salud"" cerca 1.500 dibujos llegaron postular inédito con…";0;0;Neutral
"RT @sochimioficial: ¿Necesitas ayuda u orientación en la UPC con pacientes #Covid_19?
Conectate con un profesional 24/7 para recibir apoyo…";¿necesitas ayuda u orientación upc pacientes conectate profesional 24/7 recibir apoyo…;0;0;Neutral
RT @juancarlossaid: Diversos estudios coinciden en q espera de resultado de exámenes #covid19 va de 8  a 14 días hasta en un 20% de la pobl…;diversos estudios coinciden q espera resultado exámenes va 8 14 días 20% pobl…;0;0;Neutral
RT @SALUDORIENTE: #TuSaludTuRedOriente Si eres profesional o técnico del Área Salud, del ámbito clínico asistencial (Médico, Enfermera, Bio…;si profesional técnico área salud, ámbito clínico asistencial (médico, enfermera, bio…;0;0;Neutral
RT @CNNChile: Luis Ignacio De La Torre, presidente del Colegio Médico de Valparaíso: “Nuestra capacidad se ha empezado a ver saturada por l…;luis ignacio torre, presidente colegio médico valparaíso: “nuestra capacidad empezado ver saturada l…;0;0;Neutral
RT @Duranbaronti: Seguimos trabajando en la propuesta de Salud Primaria en la Mesa de Atención Primaria de Salud (APS) junto a alcaldes, al…;seguimos trabajando propuesta salud primaria mesa atención primaria salud (aps) junto alcaldes, al…;0;0;Neutral
RT @_SoMiCh: @colmedchile y diversas Sociedades Científicas y Médicas envían carta al Presidente de Chile pidiendo que se constituya de man…;diversas sociedades científicas médicas envían caa presidente chile pidiendo constituya man…;0;0;Neutral
RT @colmedchile: [#AHORA] Junto a @ConfusamChile, alcaldes, @medicosapschile, @CENSChile, colegios profesionales de la salud, pacientes, us…;[ junto alcaldes, colegios profesionales salud, pacientes, us…;1;-0.75;Negativo
RT @AndreaObaid: Ahora @colmedchile y diversas Sociedades Científicas y Médicas envían carta a @sebastianpinera pidiendo se constituya de m…;ahora diversas sociedades científicas médicas envían caa pidiendo constituya m…;0;0;Neutral
RT @24HorasTVN: COLMED informó que entre las propuestas que llevó a la reunión de hoy a la mesa social en La Moneda, está la cuarentena tot…;colmed informó propuestas llevó reunión hoy mesa social moneda, cuarentena tot…;0.066666667;0.033333333;Positivo
Presidente @sebastianpinera valoramos participación en Mesa Social Covid19 pero junto a la comunidad médica y sociedades científicas del país solicitamos la conformación de una Mesa de Salud para llevar nuestras dudas y propuestas en beneficio del país. https://t.co/neQ6V8eqzO;presidente valoramos paicipación mesa social junto comunidad médica sociedades científicas país solicitamos conformación mesa salud llevar dudas propuestas beneficio país.;0.066666667;0.033333333;Positivo
RT @Colmedchillan: Destacamos la publicación en @CronicaChillan sobre la Campaña Solidaria @Colmedchillan que busca apoyar a familias en  s…;destacamos publicación campaña solidaria busca apoyar familias s…;0;0;Neutral
Gran iniciativa de colegas junto con Sociedad de Cirugía Pediátrica, la Sociedad Chilena de Medicina de Urgencia y la Sociedad Chilena de Medicina Intensiva para conectar a pacientes con sus familiares. Conoce más aquí! ???????????? https://t.co/P7P51xJT6x;gran iniciativa colegas junto sociedad cirugía pediátrica, sociedad chilena medicina urgencia sociedad chilena medicina intensiva conectar pacientes familiares. conoce aquí! ????????????;0;0;Neutral
@Andreah62550067 @jorge_pacheco @ministeriosalud Mandame DM.;mandame dm.;0;0;Neutral
@Andreah62550067 @jorge_pacheco @ministeriosalud Tuviste respuesta?;respuesta?;0;0;Neutral
RT @dmacuna: Equipo de Salud sin tregua. En las ucis sale un enfermo #Covid_19 y entra otro que está esperando. Seguimos firmes y sin miedo…;equipo salud tregua. ucis sale enfermo entra esperando. seguimos firmes miedo…;0;0;Neutral
La gráfica está al revés. La persona contagiada se aisla. El contacto estrecho hace cuarentena. https://t.co/94YXUTYm3w;gráfica revés. persona contagiada aisla. contacto estrecho hace cuarentena.;0;0;Neutral
RT @CCuadradoN: Hoy entregamos a la Mesa Social informe MOVID-19 ¿Cuál ha sido la respuesta de la población a las cuarentenas? El impacto d…;hoy entregamos mesa social informe movid- ¿cuál sido respuesta población cuarentenas? impacto d…;0.066666667;0.033333333;Positivo
Ministro @gblumel le recuerdo que discutimos en Mesa Social Covid19 evitar la utilización política de la entrega de cajas de alimentos. Favor corregir. https://t.co/avMlvRo1Lb;ministro recuerdo discutimos mesa social evitar utilización política entrega cajas alimentos. favor corregir.;0.066666667;0.033333333;Positivo
Necesitamos que @MinMujeryEG lidere #PostnatalDeEmergenciaAHORA https://t.co/PykFNsGZyl;necesitamos lidere;0;0;Neutral
RT @Cooperativa: Periodista Alejandra Matus: El ministro tendría que plantear la duda y decir 'estas cifras no son las definitivas', pero s…;periodista alejandra matus: ministro plantear duda decir 'estas cifras definitivas', s…;0;0;Neutral
Considerando la baja circulación de otros virus respiratorios y la demora en la entrega de resultado de PCR COVID19, hemos sugerido extender la licencia de caso sospechoso a 14 días y cuarentena inmediata a contactos estrechos sin esperar resultado de PCR. https://t.co/LYResYNoh1;considerando baja circulación virus respiratorios demora entrega resultado pcr , sugerido extender licencia caso sospechoso 14 días cuarentena inmediata contactos estrechos esperar resultado pcr.;0;0;Neutral
RT @colmedchile: [#BalanceSemanalMesaSocial] Compartimos con ustedes nuestro balance semanal con solicitudes y propuestas desde el #Colmed…;[ compaimos ustedes balance semanal solicitudes propuestas;1;-0.75;Negativo
"RT @colmedchile: Dr. Bernucci: ""Estamos en una situación donde las autoridades deben tener la suficiente credibilidad para que el mensaje p…";"dr. bernui: ""estamos situación autoridades deben tener suficiente credibilidad mensaje p…";0;0;Neutral
RT @ColMedValpo: Dr. Cristóbal Cuadrado, investigador y secretario técnico del Dpto. de Políticas de Salud y Estudios del @colmedchile entr…;dr. cristóbal cuadrado, investigador secretario técnico dpto. políticas salud estudios entr…;0;0;Neutral
RT @colmedchile: [#AHORA] Para #ContigoEnLaMañana de @chilevision, nuestro secretario nacional, Dr. José Miguel Bernucci (@pajarobere), se…;[ secretario nacional, dr. josé miguel bernui ( se…;1;-0.75;Negativo
RT @paulaescobarch: Lo importante es que se entienda que el ministerio de la mujer es clave, que deben poner a alguien idóneo, que la pande…;impoante entienda ministerio mujer clave, deben poner alguien idóneo, pande…;0;0;Neutral
RT @colmedchile: [#PRENSA] El Dr. @CCuadradoN, secretario técnico de nuestro Dpto. de Políticas de Salud y Estudios, se refirió en @T13 al…;[ dr. secretario técnico dpto. políticas salud estudios, refirió al…;1;-0.75;Negativo
Diario Oficial publica nuevo protocolo para contacto estrecho por coronavirus: Obliga a permanecer en cuarentena 14 días aunque resultado sea negativo https://t.co/9CBFtHFSe3 vía @latercera;diario oficial publica nuevo protocolo contacto estrecho coronavirus: obliga permanecer cuarentena 14 días aunque resultado negativo vía;0;0;Neutral
"RT @esp_uchile: [Entrevista]
Académica @esp_uchile María Paz Bertoglia @pinabertoglia por Covid-19: “El Gobierno no puede basar la comunica…";[entrevista] académica maría paz beoglia -: “el gobierno puede basar comunica…;1;-0.75;Negativo
"RT @ChrisGarciaCL: Recordemos:
Manalich dijo q se cambiaría la definición de personas fallecidas hace una semana, pero no existe ningún doc…";recordemos: manalich dijo q cambiaría definición personas fallecidas hace semana, existe ningún doc…;0;0;Neutral
RT @SaludClima: Empezó ahora webinar sobre NDC Chile @GCHAlliance @colmedchile @marcelomena @sochipe, Sandra Cortés, Patricia Matus : https…;empezó ahora webinar ndc chile sandra coés, patricia matus : https…;0;0;Neutral
"RT @24HorasTVN: ""Parece de extrema urgencia frenar el importante ascenso de casos en Valparaíso, región donde además parece existir una alt…";"""parece extrema urgencia frenar impoante ascenso casos valparaíso, región además parece existir alt…";0;0;Neutral
RT @uchile: La U. de Chile y @colmedchile te invitan a contestar semana a semana la encuesta que permite hacer seguimiento semanal -con rec…;u. chile invitan contestar semana semana encuesta permite hacer seguimiento semanal -con rec…;0;0;Neutral
"RT @clausanhueza: Comparto mi columna de hoy en LT ""Mujer y la crisis COVID-19"" https://t.co/SU8BjzJxJh";"compao columna hoy lt ""mujer crisis -""";0;0;Neutral
RT @adnradiochile: “El Hospital San José colapsó”: Doctora Izkia Siches llamó al Ministerio de Salud a derivar pacientes hacia recintos con…;“el hospital san josé colapsó”: doctora izkia siches llamó ministerio salud derivar pacientes hacia recintos con…;0;0;Neutral
RT @ClauPrezz: En mi urgencia ya vivimos el colapso de las capacidades de atención de paciente crítico, veo que en Tw la urgencia es evalua…;urgencia vivimos colapso capacidades atención paciente crítico, veo tw urgencia evalua…;0;0;Neutral
El #HospitalSanJose de la RM colapsó. La estrategia de reconvertir camas criticas llegó al máximo. Necesitamos que @ministeriosalud derive los pacientes a otros servicios de urgencia con cupo ventilatorio. Los equipos de salud y pacientes requieren una respuesta inmediata.;rm colapsó. estrategia reconveir camas criticas llegó máximo. necesitamos derive pacientes servicios urgencia cupo ventilatorio. equipos salud pacientes requieren respuesta inmediata.;0;0;Neutral
"RT @esp_uchile: Ya está publicado el 7mo Informe #Covid19Chile al 07/06/2020.
""Lo que ocurre en el mundo nos da una pauta de lo que puede s…";"publicado 7mo informe 07/06/2020. ""lo ocurre mundo da pauta puede s…";0;0;Neutral
"RT @EsPublicoCL: ?? Los autores insisten en que lo que vive hoy la región de Valparaíso es muy similar a la de la RM hace un mes. ""El parale…";"?? autores insisten vive hoy región valparaíso similar rm hace mes. ""el parale…";0.4;0;Neutral
RT @marcelomena: Mañana estaremos en un foro organizado por @colmedchile y  Global Climate and Health Alliance a las 10:30, hablando de cóm…;mañana foro organizado global climate and health alliance 10:30, hablando cóm…;0;0;Neutral
RT @ComunidadMujer: AHORA nuestra directora ejecutiva @ale_sepulvedap expone en la Comisión de Trabajo del @Senado_Chile  por el Proyecto d…;ahora directora ejecutiva expone comisión trabajo proyecto d…;0;0;Neutral
RT @colmedchile: Dra. @Francrispi: “La salida de madres a trabajar expone a los lactantes, estamos exponiendo a lactantes de 5 meses a ser…;dra. “la salida madres trabajar expone lactantes, exponiendo lactantes 5 meses ser…;0;0;Neutral
RT @colmedchile: [#AHORA] La Dra. @Francrispi, Pdta. de nuestro Dpto. de Género y Salud, presenta la postura del #Colmed, @sochipe y @SOCHI…;[ dra. pdta. dpto. género salud, presenta postura;1;-0.75;Negativo
RT @paulaescobarch: El escándalo es obligar a las mujeres a volver del posnatal en plena pandemia, sin salas cunas ni ayuda. Sobre la polém…;escándalo obligar mujeres volver posnatal plena , salas cunas ayuda. polém…;0;0;Neutral
"RT @sochimioficial: Encuesta Diaria Realidad Nacional Intensivo - SOCHIMI.
Datos 07 de Junio ? https://t.co/ezFg13AgDW

Encuesta nacional s…";encuesta diaria realidad nacional intensivo - sochimi. datos 07 junio ? encuesta nacional s…;0;0;Neutral
"RT @colmedchile: #DonaSangreDonaVida 
El mundo está pasando un momento realmente complejo, pero @DonaSangreStgo debe seguir velando por los…";mundo pasando momento realmente complejo, debe seguir velando los…;0;0;Neutral
@jorge_pacheco Pero se planteó adaptar indicación de consejo asesor institucionalizando en residencias sanitarias a casos leves. Discutido en 1era reunion con el presidente. Tampoco pasó.;planteó adaptar indicación consejo asesor institucionalizando residencias sanitarias casos leves. discutido 1era reunion presidente. tampoco pasó.;0;0;Neutral
"RT @24HorasTVN: Hasta la fecha han confirmado 1.154 infectados, incluidos 22 fallecidos, entró en ""emergencia nacional"" durante marzo con s…";"fecha confirmado 1.154 infectados, incluidos 22 fallecidos, entró ""emergencia nacional"" marzo s…";0;0;Neutral
RT @soledadbarria: OMS: cuando sólo está circulando un virus respiratorio (como en Chile) no necesitas un diagnóstico de laboratorio (PCR)…;oms: sólo circulando virus respiratorio (como chile) necesitas diagnóstico laboratorio (pcr)…;0;0;Neutral
RT @dridelatorre: Los presidentes regionales y la presidenta nacional @izkia Enviamos carta a @sebastianpinera solicitando mayores facultad…;presidentes regionales presidenta nacional enviamos caa solicitando mayores facultad…;0;0;Neutral
RT @sochimu: Seguimos con Buenas Noticias, donación a través de la Sociedad Chilena de Medicina de urgencias, colchones PRONOVIGIL, para la…;seguimos buenas noticias, donación través sociedad chilena medicina urgencias, colchones pronovigil, la…;0;0;Neutral
RT @pollistico77: Comunicado: Reacción polimerasa en  cadena (PCR) en muestras de saliva para diagnóstico de #COVID?19 https://t.co/rirU5rC…;comunicado: reaión polimerasa cadena (pcr) muestras saliva diagnóstico;0;0;Neutral
RT @ximenaguilera: La búsqueda activa de casos, peinar o rastrillar el territorio, otro aspecto clave del control;búsqueda activa casos, peinar rastrillar territorio, aspecto clave control;0;0;Neutral
RT @sochimu: Seguimos con Buenas Noticias, donación a través de la Sociedad Chilena de Medicina de urgencias, colchones PRONOVIGIL, para la…;seguimos buenas noticias, donación través sociedad chilena medicina urgencias, colchones pronovigil, la…;0;0;Neutral
RT @dmacuna: Lean esta guía! Gran utilidad para evitar intubaciones @sochimioficial @sochimu;lean guía! gran utilidad evitar intubaciones;0;0;Neutral
Mañalich anuncia corrección en total de fallecidos con Covid-19: incorpora a 653 personas y eleva cifra a 2.290 https://t.co/eqRW6GkvYy vía @latercera;mañalich anuncia correión total fallecidos -: incorpora 653 personas eleva cifra 2.290 vía;0.75;0;Neutral
RT @dmacuna: No hay caso...... 6405 enfermos hoy. Este número hay que bajarlo con urgencia.... 96 muertos. 93% ocupación ucis en RM por fav…;caso...... 6405 enfermos hoy. número bajarlo urgencia.... 96 mueos. 93% ocupación ucis rm fav…;0;0;Neutral
RT @colmedchile: Junto a @GCHAlliance, @sochipe, @ucatolica_chile y #ULosAndes los invitamos al #Webinar: Comentarios con foco en Salud a l…;junto invitamos comentarios foco salud l…;0;0;Neutral
RT @ColmedPtoMontt: Junto a presidentes regionales y presidenta nacional Dra @izkia Siches #Colmed, se envió carta al Primer Mandatario @se…;junto presidentes regionales presidenta nacional dra siches envió caa primer mandatario;0;0;Neutral
RT @colmedchile: [#PintandoLaSalud] Recibe una mención Honrosa, en la categoría Talento Inclusivo, Francisca Baldevenito Guadalupe, con su…;[ recibe mención honrosa, categoría talento inclusivo, francisca baldevenito guadalupe, su…;1;-0.75;Negativo
RT @colmedchile: [#PintandoLaSalud] Recibe una mención Honrosa, en la categoría de 10 a 14 años, Javiera Gaete Castillo, con su obra: “Guar…;[ recibe mención honrosa, categoría 10 14 años, javiera gaete castillo, obra: “guar…;1;-0.75;Negativo
RT @colmedchile: Esta semana se realizaron dos nuevas reuniones de la #MesaSocialCOVID19 compartimos con ustedes el #BalanceSemanalMesaSoci…;semana realizaron dos nuevas reuniones compaimos ustedes;0;0;Neutral
RT @colmedchile: [#ResumenSemanal] #Colmed realizó segundo #Webinar de salud mental en #Covid19: “Cuidemos a los que Cuidan”. Revive la cap…;[ realizó segundo salud mental “cuidemos cuidan”. revive cap…;0.6;-0.425;Negativo
RT @colmedchile: ¡Atención colegas! Es importante mantenernos informados sobre el #COVID te dejamos la jornada de cursos: “Herramientas par…;¡atención colegas! impoante mantenernos informados dejamos jornada cursos: “herramientas par…;0;0;Neutral
RT @colmedchile: En el Día Nacional de la concientización del #SíndromeDeTourette compartimos las recomendaciones de la Fundación Amigos de…;día nacional concientización compaimos recomendaciones fundación amigos de…;0;0;Neutral
"RT @sochipe: ¿TODAVÍA NO VISITAS NUESTRO ESPECIAL COVID-19?
Encontrarás información oficial de organismos públicos, sociedades científicas…";¿todavía visitas especial -? encontrarás información oficial organismos públicos, sociedades científicas…;0;0;Neutral
"RT @CNNChile: El secretario general del Colegio Médico, José Miguel Bernucci, explica el término ""inmunidad de rebaño""

Más detalles en htt…";"secretario general colegio médico, josé miguel bernui, explica término ""inmunidad rebaño"" detalles htt…";0.5;0.05;Positivo
RT @colmedchile: Compartimos el 10º informe #COVID elaborado por nuestro Dpto. de Políticas de Salud y Estudios. Se requiere incorporar a l…;compaimos 10º informe elaborado dpto. políticas salud estudios. requiere incorporar l…;0;0;Neutral
RT @colmedchile: La Dra. Francisca Crispi (@Francrispi) miembro de nuestro Dpto. de Salud y Estudios, nos ofrece un resumen explicativo sob…;dra. francisca crispi ( miembro dpto. salud estudios, ofrece resumen explicativo sob…;0;0;Neutral
RT @colmedchile: Lamentamos el fallecimiento de nuestro colegiado del @colmedtemuco, Dr.Pablo Frindt Franco. Fue uno de los primeros ciruja…;lamentamos fallecimiento colegiado dr.pablo frindt franco. primeros ciruja…;0;0;Neutral
RT @alejandramatus: Alejandra Matus: “Para tener credibilidad, el Gobierno debe transparentar los datos” https://t.co/Zj38gYslmX via @uchil…;alejandra matus: “para tener credibilidad, gobierno debe transparentar datos” via;0;0;Neutral
RT @Pa__tty: Estuvo difícil la selección, pero logramos con las Dras. @izkia Siches y Thlema Suau de @sochipe elegirrr!!! #Pintandolasalud…;difícil seleión, logramos dras. siches thlema suau elegirrr!!!;0;0;Neutral
RT @colmedchile: Lamentamos el fallecimiento de dos grandes profesionales, el Dr. Juan Carlos Carvajal y el Dr. Patricio Morales, debido al…;lamentamos fallecimiento dos grandes profesionales, dr. juan carlos carvajal dr. patricio morales, debido al…;0;0;Neutral
RT @_jtroncoso: ¡PREOCUPANTE! - La SEREMI ha demostrado no tener la capacidad de recursos humanos para realizar el estudio de contactos y e…;¡preocupante! - seremi demostrado tener capacidad recursos humanos realizar estudio contactos e…;0;0;Neutral
"RT @sochisal: La Sochisal busca encargada o encargado de comunicaciones. ¡Buscamos ampliar la participación de los socios y socias! 

@xime…";sochisal busca encargada encargado comunicaciones. ¡buscamos ampliar paicipación socios socias!;0;0;Neutral
???????????? https://t.co/TZar9Nt0CP;????????????;0;0;Neutral
RT @glennguru1: Ayer se fue de COVID, Loreto Cornejo,TECNICO EN ENFERMERIA NIVEL SUPERIOR (TENS) en Hospital San Juan! Son los imprescindib…;ayer , loreto cornejo,tecnico enfermeria nivel superior (tens) hospital san juan! imprescindib…;0.9;0.875;Positivo
RT @colmedchile: Compartimos la carta enviada al Presidente de la República, en la que junto a los presidentes de los Consejos Regionales #…;compaimos caa enviada presidente república, junto presidentes consejos regionales;0;0;Neutral
@CdgnGonzalez @fmcboston Nop. Eso fue después. Previamente familia Latorre Sanchez.;nop. después. previamente familia latorre sanchez.;0;0;Neutral
RT @HSJDChile: Hasta siempre, Loreto https://t.co/Htv62nAw1l;siempre, loreto;0;0;Neutral
RT @colmedchile: [#AHORA] Nuestra Pdta. Dra. @Izkia Siches, conversa con @Capsular_chile de #Valdivia sobre la situación que vivimos por el…;[ pdta. dra. siches, conversa situación vivimos el…;1;-0.75;Negativo
RT @colmedchile: [#AHORA] La Dra. @Izkia Siches, junto a la Defensora de la Niñez (@defensorianinez) @Pa__tty Muñoz y la Dra. Thelma Suau,…;[ dra. siches, junto defensora niñez ( muñoz dra. thelma suau,…;1;-0.75;Negativo
RT @24HorasTVN: Sostuvo que al día de hoy hay 20 niños contagiados con COVID-19 al interior de recintos del Sename. https://t.co/GdM6n7XrkB;sostuvo día hoy 20 niños contagiados - interior recintos sename.;0;0;Neutral
"RT @DonaSangreStgo: En este #mesdeldonante te queremos invitar a donar... A donar sangre?, claro que sí!
Aunque si no puedes hacerlo, te in…";queremos invitar donar... donar sangre?, claro sí! aunque si puedes hacerlo, in…;0;0;Neutral
RT @colmedchile: [#TrabajoGremial] El día de ayer se realizó una reunión para coordinar la respuesta sobre Especialidades y Postgrados en e…;[ día ayer realizó reunión coordinar respuesta especialidades postgrados e…;1;-0.75;Negativo
RT @colmedchile: [#AHORA] Para #ContigoEnLaMañana de @chilevision, nuestro secretario nacional, Dr. José Miguel Bernucci (@pajarobere), abo…;[ secretario nacional, dr. josé miguel bernui ( abo…;1;-0.75;Negativo
"RT @GCHAlliance: Join #Chile's #publichealth &amp; environmental experts to analyse the #ClimateAction measures identified in the Chilean natio…";"join &amp; environmental expes to analyse the measures identified in the chilean natio…";0;0;Neutral
RT @colmedchile: Comienza el lanzamiento del curso de Seguimiento de Casos y Contactos #COVID19, para conversar sobre la respuesta de la sa…;comienza lanzamiento curso seguimiento casos contactos conversar respuesta sa…;0;0;Neutral
@spenafajuri @sochimioficial Yo lo tengo. Quizás solo no lo suben a la pagina. @dmacuna? @tregueira?;tengo. quizás solo suben pagina.;0;0;Neutral
Esteban, felices si quisieran sumarse. Están cordialmente invitados. Lamento si se sintieron ofendidos, no fue nuestra intención. Le he escrito a su presidenta Gabriela Flores para extender la invitación. Estaremos atentos a la respuesta de @ConfusamChile. https://t.co/c33rvH562w;esteban, felices si quisieran sumarse. cordialmente invitados. lamento si sintieron ofendidos, intención. escrito presidenta gabriela flores extender invitación. atentos respuesta;0;0;Neutral
RT @glennguru1: Siempre he amado el Hospital San Juan!! Hay algo melancólico en su imponente presencia frente al Parque más hermoso de Sant…;siempre amado hospital san juan!! melancólico imponente presencia frente parque hermoso sant…;0;0;Neutral
Estudié en un colegio con un pobre proyecto académico. Los sostenedores estaban más preocupados del negocio de la educación que en nuestra formación. Hice PreU (3ero y 4to medio) para entrar a estudiar medicina. La educación de calidad debiera ser una prioridad en nuestro país. https://t.co/HKZVsLmmFr;estudié colegio pobre proyecto académico. sostenedores preocupados negocio educación formación. hice preu (3ero 4to medio) entrar estudiar medicina. educación calidad debiera ser prioridad país.;0;0;Neutral
RT @colmedantofa: Lamentamos con profundo pesar el fallecimiento de nuestro destacado ex Presidente Regional del Colegio Médico de Antofaga…;lamentamos profundo pesar fallecimiento destacado ex presidente regional colegio médico antofaga…;0;0;Neutral
RT @alejandramatus: “Nostoros como epidemiólogos hemos usado siempre los datos de la realidad, vamos viendo día a día lo que va a ocurriend…;“nostoros epidemiólogos usado siempre datos realidad, vamos viendo día día va ocurriend…;0;0;Neutral
"RT @esp_uchile: Dr Mauricio Canals académico de la @esp_uchile @uchile 
""Los modelos siempre son útiles y no se hacen para predecir exactam…";"dr mauricio canals académico ""los modelos siempre útiles hacen predecir exactam…";0;0;Neutral
"RT @MunitaJose: Importante: Hoy en @TheLancet, tres autores del estudio multicentrico con &gt; 90,000 pacientes SE RETRACTAN.";"impoante: hoy tres autores estudio multicentrico &gt; 90,000 pacientes retractan.";0;0;Neutral
"RT @gdominguez_: En  #Santiago se confirma el caso #COVID?19 y después se aíslan contactos

En Palena, hemos promovido el aislamiento de ca…";confirma caso después aíslan contactos palena, promovido aislamiento ca…;0;0;Neutral
RT @CalamaMgz: Comunicado oficial MGZ El Loa respecto a situación sanitaria en Calama #CuarentenaParaCalama  @izkia @colmedchile @ministeri…;comunicado oficial mgz loa respecto situación sanitaria calama;0;0;Neutral
"RT @IngridIngridk: @medicosapschile 
Curso de seguimiento de casos y contactos del viernes 5 junio a las 9 am. https://t.co/1nqavVvw96";curso seguimiento casos contactos viernes 5 junio 9 am.;0;0;Neutral
@PalancaRock @colmedchile @medicosapschile @CENSChile @UAustraldeChile @uchile @udeantofagasta @uvalpochile @Duranbaronti @JorgeSharp @karen_rojov @cn_castro @munipaillaco @ConfusamChile @pilrgaby @ematuranad @juan_ecorrea Está pensado como tambien organizaciones de pacientes.;pensado tambien organizaciones pacientes.;0;0;Neutral
RT @ASlachevsky: IMPACTOS DE LA DISTANCIA FÍSICA EN CUIDADORES DE PERSONAS CON DEMENCIA DURANTE LA PANDEMIA COVID-19  https://t.co/OTtLd82m…;impactos distancia física cuidadores personas demencia -;0;0;Neutral
RT @Colmedchillan: Propiciando el #Bienestar entre los funcionarios de la #Salud, considerando el alto estrés que viven por la emergencia d…;propiciando funcionarios considerando alto estrés viven emergencia d…;0;0;Neutral
RT @colmedchile: Lamentamos el fallecimiento del Dr. Guillermo Solar Oyanedel. Destacado broncopulmonar, fue coordinador de la Compin en lo…;lamentamos fallecimiento dr. guillermo solar oyanedel. destacado broncopulmonar, coordinador compin lo…;0;0;Neutral
RT @colmedchile: ¡ATENCIÓN! ?? ¿Tienes dudas sobre el #COVID19 cómo enfermedad laboral y el Seguro de Accidentes del Trabajo y Enfermedades…;¡atención! ?? ¿tienes dudas cómo enfermedad laboral seguro aidentes trabajo enfermedades…;0;0;Neutral
"RT @esp_uchile: Hora en radio @Cooperativa 
Dra María Soledad Martinez @agatamar conversa con @paulamolinat del lanzamiento del curso ""Segu…";"hora radio dra maría soledad mainez conversa lanzamiento curso ""segu…";0;0;Neutral
RT @Jdabanchpena: @tavosaintp Muy baja circulación de los otros virus respiratorios destacando mayor presencia de metaneumovirus y 1 muestr…;baja circulación virus respiratorios destacando mayor presencia metaneumovirus 1 muestr…;0;0;Neutral
"Tremendo equipo! Próximamente ""Atención Primaria de Salud como actor estratégico en el enfrentamiento de la pandemia COVID-19"". Para esto es importante capacitarnos. No Olvidar ????Curso de seguimiento de casos y contactos del viernes 5 junio a las 9 am. https://t.co/GhqZAuldsW https://t.co/fxiDPKVDqq";"tremendo equipo! próximamente ""atención primaria salud actor estratégico enfrentamiento -"". impoante capacitarnos. olvidar ????curso seguimiento casos contactos viernes 5 junio 9 am.";0;0;Neutral
@MarcoAntonio__R Es que me etiquetas???????... pero estoy bien de acuerdo que ustedes me terminan haciendo mas visible... más de lo que esperamos con nuestro equipo. Así que de acuerdo con tu idea????, omitir.;etiquetas???????... bien acuerdo ustedes terminan haciendo mas visible... esperamos equipo. así acuerdo idea????, omitir.;0;0;Neutral
RT @FelixHfb: Grupo voluntario de personas dona 3000 pecheras y 200 escudos de protección facial a Unidades Críticas de Hospital Félix Buln…;grupo voluntario personas dona 3000 pecheras 200 escudos proteión facial unidades críticas hospital félix buln…;0;0;Neutral
"RT @colmedlaserena: Dr @QuezadaGaete: ""Estamos preocupados porque sabemos que no es posible enfrentar una crisis de esta magnitud solo con…";"dr ""estamos preocupados sabemos posible enfrentar crisis magnitud solo con…";0;0;Neutral
@S_Fuenzal Hay poca circulación de otros virus respiratorios según vigilancia epidemiológica. Frente a síntomas respiratorios o diarrea, sobretodo en RM, lo primero es sospechar covid19. https://t.co/PgNx0PmMrK;poca circulación virus respiratorios según vigilancia epidemiológica. frente síntomas respiratorios diarrea, sobretodo rm, primero sospechar .;0;0;Neutral
RT @sochimu: Dr. Luis Enberg, @luisenberg Presidente de la Sociedad Chilena de Medicina de Urgencia, entrevista con La tercera, “lo ideal e…;dr. luis enberg, presidente sociedad chilena medicina urgencia, entrevista tercera, “lo ideal e…;1;0.9;Positivo
RT @colmedchile: [#PRENSA] Proyecto #MOVID19 creado por #Colmed junto a la @esp_uchile y @udp_cl propone que hay elementos que permitirían…;[ proyecto creado junto propone elementos permitirían…;1;-0.75;Negativo
"RT @ComunidadMujer: Es importante avanzar en el proyecto de ley de #PostnatalDeEmergenciaAhora: ""Prefiero cometer un sacrilegio con la Cons…";"impoante avanzar proyecto ley ""prefiero cometer sacrilegio cons…";0;0;Neutral
"RT @viax: ""El Minsal todavía no entrega protección para el Covid en el Sename"". Patricia Muñoz, Defensora De la Niñez, cuenta los crudos de…";"""el minsal todavía entrega proteión sename"". patricia muñoz, defensora niñez, cuenta crudos de…";0;0;Neutral
RT @jeanvegamorales: Con estos ejemplos  renuevo la esperanza en la vocacion social que nos llevo a ser medicos Vea esta entrevisata al Dr…;ejemplos renuevo esperanza vocacion social llevo ser medicos vea entrevisata dr…;0.066666667;0.033333333;Positivo
RT @colmedchile: ¡Atención colegas! ?? Es importante mantenernos informados sobre el #COVID te dejamos la jornada de cursos: “Herramientas p…;¡atención colegas! ?? impoante mantenernos informados dejamos jornada cursos: “herramientas p…;0;0;Neutral
Atenti! ???????????? A trazar a trazar! https://t.co/uFyaqAO3qH;atenti! ???????????? trazar trazar!;0;0;Neutral
RT @ComunidadMujer: ¡APROBADO! Celebramos la aprobación del proyecto que pone límite a la reelección de parlamentarixs, alcaldexs, concejal…;¡aprobado! celebramos aprobación proyecto pone límite reeleión parlamentarixs, alcaldexs, concejal…;0;0;Neutral
RT @BSepulvedaHales: Aquí estamos las zorras ofendidas. Cientos de abogadas en apoyo a @izkia y contra la misoginia. ????https://t.co/cO1tRwK…;aquí zorras ofendidas. cientos abogadas apoyo misoginia. ????;0;0;Neutral
Muy agradecida de la generosidad y liderazgo de Andrea Repetto como también de Jose De Gregorio, Claudia Sanhueza, Sebastian Edwards, Claudia Martinez y Rodrigo Valdes. Salgamos de la caja... solo queremos que a Chile le vaya bien. https://t.co/GJLwEIhoLl;agradecida generosidad liderazgo andrea repetto jose gregorio, claudia sanhueza, sebastian edwards, claudia mainez rodrigo valdes. salgamos caja... solo queremos chile vaya bien.;0;0;Neutral
RT @ClaudiaMolinaB: ABRO HILO: Quiebre en stock de medicamentos de primera necesidad para pacientes ventilados por #Covid denuncia el Coleg…;abro hilo: quiebre stock medicamentos primera necesidad pacientes ventilados denuncia coleg…;0;0;Neutral
RT @colmedchile: La Dra. Francisca Crispi (@Francrispi) miembro de nuestro Dpto. de Salud y Estudios, nos ofrece un resumen explicativo sob…;dra. francisca crispi ( miembro dpto. salud estudios, ofrece resumen explicativo sob…;0;0;Neutral
RT @jopazomi: Esta foto se la tomé a la @sol_aracenae después de intubar a un paciente de 36 años, sano, por una insuficiencia respiratoria…;foto tomé después intubar paciente 36 años, sano, insuficiencia respiratoria…;0;0;Neutral
"RT @colmedlaserena: Pdte @colmedlaserena, dr @QuezadaGaete: ""Necesitamos un cambio de actitud y un trabajo en equipo real, porque el trabaj…";"pdte dr ""necesitamos cambio actitud trabajo equipo real, trabaj…";0.3;0.2;Positivo
